question,option1,option2,option3,option4,answer
下列何者為於遙控無人機飛航活動期間，實際操控遙控無人機並應負飛航安全責任之人員?,遙控無人機操作人。,目視觀察員。,觀察員。,協調員。,0
下列何者為於延伸視距飛航作業時，持有遙控無人機操作證，並於遙控無人機活動期間，提供實際操控遙控無人機之操作人必要飛航資訊之人員?,遙控無人機操作人。,目視觀察員。,觀察員。,協調員。,1
下列何者為在以「第一人稱視角」（FPV，first-person view）飛行時，於視距範圍內從旁協助操作人觀察四周環境以保障操作安全之人員?,遙控無人機操作人。,目視觀察員。,觀察員。,協調員。,2
下列何者為依政府機關（構）、學校或法人作業手冊之程序，於飛航管制單位提供操作人空域協調資訊之人員?,遙控無人機操作人。,目視觀察員。,觀察員。,協調員。,3
遙控無人機系統包括下列哪些項目?,遙控無人機（機體）、遙控設備。,通訊及控制信號鏈路。,附屬裝置。,以上皆是。,3
遙控無人機系統中，火箭、彈射軌道、降落傘等發射回收裝置，屬於遙控無人機系統的下列哪一部分?,附屬裝置。,遙控無人機。,遙控設備。,通訊及控制信號鏈路。,0
遙控無人機系統中，機體結構與外型、動力系統、自動駕駛與飛行控制系統、導航系統等，並攜帶任務所需之酬載，屬於遙控無人機系統的下列哪一部分?,附屬裝置。,遙控無人機。,遙控設備。,通訊及控制信號鏈路。,1
遙控無人機系統中，用於操作遙控無人機之設備，屬於遙控無人機系統的下列哪一部分?,附屬裝置。,遙控無人機。,遙控設備。,通訊及控制信號鏈路。,2
遙控無人機系統中，遙控無人機及遙控設備間為操作飛行管理目的之資料鏈接，屬於遙控無人機系統的下列哪一部分?,附屬裝置。,遙控無人機。,遙控設備。,通訊及控制信號鏈路。,3
下列何者為含機體、燃料、電池、負載設備及酬載等遙控無人機之設計重量?,最大巡航重量。,最大降落重量。,最大起飛重量。,最大轉彎重量。,2
延伸視距飛航，指操作人於視距外，藉由目視觀察員於下列哪個範圍內與遙控無人機保持直接目視接觸，並提供遙控無人機操作人必要飛航資訊之操作方式?,其半徑300公尺範圍內。,操作人半徑300公尺範圍內。,其半徑400公尺範圍內。,操作人半徑900公尺範圍內。,0
延伸視距飛航，其最大範圍為以遙控無人機操作人為中心之半徑 X 公尺、相對地面或水面高度低於 Y 呎內之區域。,X為900；Y為400。,X為900；Y為300。,X為600；Y為400。,X為600；Y為300。,0
延伸視距最大範圍，為下列哪個區域?,以遙控無人機操作人為中心之半徑300公尺、相對地面或水面高度低於400呎內之區域。,以遙控無人機操作人為中心之半徑900公尺、相對地面或水面高度低於400呎內之區域。,以遙控無人機操作人為中心之半徑600公尺、相對地面或水面高度低於400呎內之區域。,以遙控無人機操作人為中心之半徑900公尺、相對地面或水面高度低於500呎內之區域。,1
目前遙控無人機之下列哪個功能尚在進行研究開發中，尚無國際一致之標準?,起降功能。,資料鏈接功能。,射頻識別功能。,遙控功能。,2
遙控無人機之下列哪個功能，除其裝置本身之技術外，尚需配合地面接收裝置?,射頻識別功能。,起降功能。,遙控功能。,以上皆是。,0
下列何者係指目視檢查遙控無人機外觀完整、機構及動力系統穩固、註冊號碼依民航法規定標示可辨、操作人應持有合格操作證、遙控設備與無人機間之通訊及控制信號鏈路運作正常、燃油或電力之供應符合飛航之需求等?,安全測試條件。,安全勞動條件。,安全勤務條件。,安全飛航條件。,3
下列何者係指包含酒類、鴉片類、大麻、鎮靜劑及安眠藥、古柯鹼、其他精神刺激藥物、迷幻藥及興奮劑等?,心靈作用物質。,精神作用物質。,視力作用物質。,肌肉作用物質。,1
飛航活動：指自然人或法人以遙控無人機從事下列何種行為?,從事飛航之行為。,從事規則訂定之行為。,從事組員管理之行為。,從事風險評估之行為。,0
自然人從事飛航活動時應遵守下列何種限制?,遵守市場買賣之限制。,遵守公平交易之限制。,遵守區域與操作規範之限制。,遵守自由競爭之限制。,2
下列何者經申請能力審查核准與飛航活動申請，可排除區域與操作規範之限制限制?,自然人。,法人。,自然人及法人。,以上皆非。,1
作業手冊：法人申請下列何者時，自行編撰以敘明操作限制排除事項之相關設備與程序之手冊?,申請財力審查核准。,申請學歷審查核准。,申請道德審查核准。,申請能力審查核准。,3
遙控無人機操作證之分類為下列哪幾種?,自然人、法人與通用等3種。,學習、普通與專業等3種。,輕量、中量與重量等3種。,低速、中速與高速等3種。,1
遙控無人機之專業操作證又可細分為下列哪幾種?,基本級與高級等2級。,初級與高級等2級。,娛樂級與營業級等2級。,工業級與學術級等2級。,0
註冊有效期限為下列何者，期限屆滿前30日內向民航局申請延展?,有效期限為4年。,有效期限為1年。,有效期限為3年。,有效期限為2年。,3
實體檢驗合格證有效期限為下列何者，期限屆滿前30日內向民航局申請重新檢驗?,有效期限為4年。,有效期限為1年。,有效期限為3年。,有效期限為2年。,2
特種實體檢驗證有效期限為下列何者?,最長不得逾4年。,最長不得逾1年。,最長不得逾3年。,最長不得逾2年。,2
型式檢驗合格證與認可證明文件有效期限為下列何者?,最長不得逾3年。,最長不得逾5年。,最長不得逾10年。,無效期限制。,3
普通操作證有效期限屆期前30日內向民航局申請下列何種項目?,申請換證。,申請直接升級為專業操作證。,申請十年免換證。,申請永久免換證。,0
專業操作證有效期限屆期前30日內應經下列哪種動作辦理換證?,經財力檢查及面試合格後辦理換證。,經重新體格檢查及換證測驗合格後辦理換證。,經學歷檢查及法律測驗合格後辦理換證。,經身分檢查及道德測驗合格後辦理換證。,1
體格檢查文件須為下列何種效期之合格證明文件?,最近1年內。,最近2年內。,最近3年內。,最近5年內。,0
申請專業操作證學科測驗者，其術科測驗未於學科測驗通過起1年內完成者應如何處理?,未完成者可直接申請術科測驗。,未完成者可申請延長學科測驗效期。,未完成者應重新申請學科測驗。,未完成者可申請免學科測驗。,2
飛航活動時間限制為下列何者，以中央氣象局之時刻表為準?,滿潮後至乾潮前。,日出後至日落前。,月沒後至月出前。,民用曙光始至民用暮光終。,1
飛航活動申請時限：於飛航活動前幾日向民航局提出申請?如涉及軍事航空管理區域應於幾日前進行申請?,活動前10日/涉及軍事20日前。,活動前20日/涉及軍事15日前。,活動前30日/涉及軍事15日前。,活動前15日/涉及軍事30日前。,3
飛航活動同意時限：以幾個月為限?農務作業循農政機關管理者以幾個月為限?,5個月/農務10個月。,10個月/農務5個月。,6個月/農務3個月。,3個月/農務6個月。,3
飛航活動記錄保存：政府機關（構）、學校或法人應保存遙控無人機相關資料及記錄幾年?,保存1年。,保存2年。,保存3年。,保存5年。,1
飛安相關事件：應於發生或得知消息後幾小時內通報民航局?,12小時內。,24小時內。,36小時內。,48小時內。,1
遙控無人機活動區域綠區範圍：在下列何種高度時，自然人與法人均可於遵守操作規範條件下飛行之區域?,400呎以下。,200呎以下。,400呎以上。,200呎以上。,0
遙控無人機活動區域黃區（中央）範圍：航空站（機場）四周，飛行高度為下列何種高度之區域?,不得高於400呎。,不得高於300呎。,不得高於200呎。,不得高於100呎。,2
遙控無人機活動區域紅區（中央）範圍：限航區、航空站（機場）與飛行場禁止飛行之區域，及下列何種高度之區域?,任何高度超過400呎以上。,任何高度超過300呎以上。,任何高度超過200呎以上。,任何高度超過100呎以上。,0
遙控無人機活動區域紅區（地方）範圍：地方政府公告下列何種高度禁止或有條件限制飛行之區域?,高度100呎以下。,高度200呎以下。,高度400呎以下。,高度600呎以下。,2
下列哪個遙控無人機活動區域，法人應經申請後始得飛行?,黃區高於兩百呎（中央）。,紅區（中央）。,紅區（地方）。,以上皆是。,3
遙控無人機註冊、檢驗、能力審查、活動申請及學、術科測驗皆可透過下列哪個系統進行申辦?,「遙控無人機業務諮詢系統」。,「遙控無人機管理資訊系統」。,「遙控無人機自動申辦系統」。,「遙控無人機AI登錄系統」。,1
法人辦理飛航活動申請時，申請範圍內如有限制區域（如紅區或黃區）應取得下列何者之同意文件?,管理機關。,戶政機關。,司法機關。,財稅機關。,0
申請400呎以下全縣市範圍空域，限下列何者?,限軍事機關及測繪作業。,限公務機關及測繪作業。,限軍事機關及農噴作業。,限公務機關及農噴作業。,3
飛航活動如進入限航區及航空站/飛行場四周限制遙控無人機活動範圍或距地表高度400呎以上，應採取下列哪些動作?,應發布瀏覽公告並進行行政協調。,應發布飛航公告並進行行政協調。,應發布飛航公告並進行航管協調。,應發布瀏覽公告並進行航管協調。,2
航管單位協調地點有下列哪幾個?,北部近場臺與南部近場臺2個。,臺北近場臺與高雄近場臺2個。,西部近場臺與東部近場臺2個。,本島近場臺與離島近場臺2個。,1
航管單位協調地點大致以下列何處為界線，以北一個近場臺、以南另一個近場臺?,北緯24度。,北緯24.5度。,北緯23.5度。,北緯23度。,0
遙控無人機於建築物外開放空間從事飛航活動，須遵循下列何者管理?,民法。,建築法。,民用航空法。,國土計畫法。,2
下列何者應負遙控無人機使用安全、風險管理及法規遵循等責任?,協調員或觀察員。,協調員或操作人。,所有人或觀察員。,所有人或操作人。,3
遙控無人機發生下列何種事件後，其所有人或操作人應在發生或得知消息後24小時內填具飛航安全相關事件報告表通報民航局?,人員死亡或傷害。,最大起飛重量逾25公斤之遙控無人機遭受實質損害（損壞無法修復）。,毀損超過新臺幣50萬元者。,以上皆是。,3
下列何種遙控無人機遭受實質損害或失蹤，其所有人或操作人應在發生或得知消息後24小時內填具飛航安全相關事件報告表通報民航局?,最大起飛重量2公斤以上且裝置導航裝置。,最大起飛重量1公斤以上且裝置導航裝置。,最大起飛重量2公斤以上但未裝置導航裝置。,最大起飛重量1公斤以上但未裝置導航裝置。,0
於下列何處從事活動之遙控無人機遭受實質損害或失蹤，其所有人或操作人應在發生或得知消息後24小時內填具飛航安全相關事件報告表通報民航局?,限航區範圍外。,限航區範圍內。,河川區域範圍內。,農業區範圍內。,1
於下列何時從事活動之遙控無人機遭受實質損害或失蹤，其所有人或操作人應在發生或得知消息後24小時內填具飛航安全相關事件報告表通報民航局?,月沒後至月出前。,月出後至月沒前。,日落後至日出前。,日出後至日落前。,2
遙控無人機發生下列何種事故，其所有人或操作人應在發生或得知消息後24小時內填具飛航安全相關事件報告表通報民航局?,與其他航空器或障礙物接近或碰撞之事故。,視距外空速管失效之事故。,視距外GPS訊號異常之事故。,視距外上傳鏈路干擾/遮蔽之事故。,0
自然人所有之最大起飛重量250公克以上及政府機關（構）、學校或法人所有之遙控無人機，應依規則辦理下列何者?,不必辦理註冊。,辦理註冊，但不必將註冊號碼標明於遙控無人機上顯著之處。,辦理註冊，並將註冊號碼標明於遙控無人機上顯著之處。,以上皆非。,2
最大起飛重量幾公斤以上，且裝置導航設備之遙控無人機，應具備防止進入限航區及航空站或飛行場四周之圖資軟體系統?,5公斤以上。,3公斤以上。,2公斤以上。,1公斤以上。,3
自然人所有之下列何種遙控無人機，操作人應持有民航局發給普通操作證後，始得操作?,最大起飛重量1公斤以上未達15公斤且裝置導航設備。,最大起飛重量2公斤以上未達15公斤且裝置導航設備。,最大起飛重量3公斤以上未達15公斤且裝置導航設備。,最大起飛重量5公斤以上未達15公斤且裝置導航設備。,1
遙控無人機製造者與進口者，應依民航通告「遙控無人機產品登錄及標示作業」辦理下列何種事宜?,登錄事宜。,註冊事宜。,認證事宜。,申請事宜。,0
公告定義遙控無人機之構造為下列哪幾種?,無人飛機、無人直昇機、無人多旋翼機等共3種。,無人飛機、無人多旋翼機、複合式無人機等共3種。,無人飛機、無人直昇機、複合式無人機等共3種。,無人飛機、無人直昇機、無人多旋翼機、複合式無人機等共4種。,3
垂直起降無人機VTOL屬於下列哪種公告定義之遙控無人機?,無人飛機。,無人直昇機。,無人多旋翼機。,複合式無人機。,3
市售最大起飛重量未達幾公斤具導航設備經登錄者列入「免經檢驗或認可之遙控無人機清冊」並定期更新?,未達2公斤。,未達15公斤。,未達25公斤。,未達150公斤。,2
遙控無人機之設計、製造、改裝，或自國外進口遙控無人機，應經民航局檢驗合格或認可者，發給下列遙控無人機哪種文件?,普通操作證或專業操作證。,檢驗合格證或認可證明文件。,註冊號碼或形式檢驗標籤。,以上皆非。,1
遙控無人機之檢驗基準，由下列何者訂定?,民航局。,國家實驗研究院。,工研院。,標準檢驗局。,0
外國人領有外國政府之遙控無人機註冊、檢驗及操作證之證明文件者，得申請下列何者後依規定從事飛航活動?,測驗。,認可。,面談。,豁免。,1
政府機關（構）、學校或法人之飛航活動應於活動日15日前檢附下列何者提出申請?,飛航申請書。,作業規畫書。,活動計畫書。,業務執行書。,2
遙控無人機飛航活動之實際高度不得逾距地面或水面幾呎?,100呎。,200呎。,400呎。,600呎。,2
不得以遙控無人機投擲或噴灑下列何者?,爆炸物品。,毒性物質。,危險物品。,包含以上之任何物件。,3
不得以遙控無人機裝載由下列何者公告之危險物品?,民航局。,航港局。,觀光局。,中央氣象局。,0
遙控無人機應遠離高速公路、快速公（道）路、鐵路、高架鐵路、地面或高架之大眾捷運系統、建築物及障礙物幾公尺以上?,20公尺。,30公尺。,50公尺。,80公尺。,1
遙控無人機不得於下列何處操作遙控無人機?,地面上。,固定之航空器、車輛或船艦上。,移動中之航空器、車輛或船艦上。,高山上。,2
最大起飛重量未達25公斤且裝置導航設備之遙控無人機最大飛行速度每小時不得超過下列何者?,87海浬或160公里。,81海浬或150公里。,76海浬或140公里。,70海浬或130公里。,1
遙控無人機延伸視距飛航最大範圍為以操作人為中心之半徑幾公尺?相對地面或水面高度低於幾呎內之區域?,半徑500公尺/高度低於400呎。,半徑900公尺/高度低於200呎。,半徑500公尺/高度低於200呎。,半徑900公尺/高度低於400呎。,3
目視觀察員應與下列何者保持目視接觸，並提供操作人必要之飛行資訊?,操作人。,遙控無人機。,航空站或飛行場。,協調員。,1
延伸視距飛航作業屬操作限制，應以下列何種身分提出申請?,自然人身分。,法人身分。,操作人身分。,協調員身分。,1
遙控無人機不得於下列何處活動?,人群聚集或室外集會遊行上空。,海面上空。,河川上空。,山區上空。,0
遙控無人機不得於下列何者之時間飛航?,月沒後至月出前。,月出後至月沒前。,日出後至日落前。,日落後至日出前。,3
遙控無人機在目視範圍內操作，得以下列何工具延伸飛航作業距離?,望遠鏡。,遠距鏡頭。,矯正鏡片。,智慧型手機。,2
操作人不得在同一時間控制幾架以上遙控無人機?,2架。,3架。,4架。,5架。,0
操作人應隨時監視該遙控無人機之下列何種狀況?,噴漆及其標籤狀況。,註冊及其檢驗狀況。,價格及其銷售狀況。,飛航及其周遭狀況。,3
操作人應防止遙控無人機發生下列何種狀況?,顏色與其他航空器、建築物或障礙物背景無法明顯反襯。,與其他航空器、建築物或障礙物接近或碰撞。,噪音影響到其他航空器、建築物或障礙物。,停放於其他航空器、建築物或障礙物之間。,1
政府機關（構）、學校或法人遙控無人機於目視範圍外從事活動時，應採下列何種動作?,應於活動日15日前檢附活動計畫書向航港局申請許可。,應於活動日30日前檢附活動計畫書向民航局申請許可。,應於活動日15日前檢附活動計畫書向民航局申請許可。,應於活動日15日前檢附活動成果報告書向民航局申請許可。,2
政府機關（構）、學校或法人遙控無人機於人群聚集或室外集會遊行上空從事活動時，應先取得下列何者之同意?,活動場地之直轄市、縣（市）政府及相關中央主管機關。,活動場地之警察局及相關地方機關。,活動場地之村里長及相關地方人士。,活動場地之所有權人及相關利益團體。,0
政府機關（構）、學校或法人遙控無人機於從事操作規範排除之作業前應投保責任險，賠償額為死亡者新臺幣若干?重傷者新臺幣若干?,"死亡者新臺幣1,000萬元/重傷者新臺幣500萬元。",死亡者新臺幣500萬元/重傷者新臺幣250萬元。,死亡者新臺幣300萬元/重傷者新臺幣150萬元。,死亡者新臺幣200萬元/重傷者新臺幣100萬元。,2
政府機關為執行下列哪些法定職務，需於民航法第99條之13第1項公告之航空站或飛行場四周之一定距離範圍內、第2項公告之禁止、限制區域內從事遙控無人機飛航活動，經民航局同意者，不受第99條之13第3項及第4項規定之限制?,觀光、教育業務等。,災害防救、偵查、調查、矯正業務等。,商業、民調業務等。,醫療、通信業務等。,1
政府機關為執行下列哪些法定職務，從事民航法第99條之14第1項第2款至第8款之活動，經民航局同意者，不受第99條之14第3項規定之限制?,觀光、教育業務等。,醫療、通信業務等。,商業、民調業務等。,災害防救、偵查、調查、矯正業務等。,3
遙控無人機違反民航法第99條之13第1項規定，於禁航區、限航區及航空站或飛行場四周之一定距離範圍內從事飛航活動，罰鍰金額為下列何者?,新臺幣30萬元以上150萬元以下。,新臺幣6萬元以上30萬元以下。,新臺幣3萬元以上15萬元以下。,新臺幣1萬元以上150萬元以下。,0
遙控無人機違反民航法第99條之14第1項第1款規定，逾距地表高度400呎從事飛航活動，罰鍰金額為下列何者?,新臺幣30萬元以上150萬元以下。,新臺幣6萬元以上30萬元以下。,新臺幣3萬元以上15萬元以下。,新臺幣1萬元以上150萬元以下。,0
違反民航法第99條之10第2項規定，未領有操作證而操作遙控無人機，罰鍰金額為下列何者?,新臺幣30萬元以上150萬元以下。,新臺幣6萬元以上30萬元以下。,新臺幣3萬元以上15萬元以下。,新臺幣1萬元以上150萬元以下。,1
違反民航法第99條之15第3項規定，未投保或未足額投保責任保險而從事遙控無人機活動，罰鍰金額為下列何者?,新臺幣30萬元以上150萬元以下。,新臺幣6萬元以上30萬元以下。,新臺幣3萬元以上15萬元以下。,新臺幣1萬元以上150萬元以下。,1
違反民航法第99條之10第1項有關遙控無人機註冊或標明註冊號碼之規定，罰鍰金額為下列何者?,新臺幣30萬元以上150萬元以下。,新臺幣6萬元以上30萬元以下。,新臺幣3萬元以上15萬元以下。,新臺幣1萬元以上150萬元以下。,2
遙控無人機違反民航法第99條之13第2項有關直轄市、縣（市）政府公告之區域、時間及其他管理事項之規定，罰鍰金額為下列何者?,新臺幣30萬元以上150萬元以下。,新臺幣6萬元以上30萬元以下。,新臺幣3萬元以上15萬元以下。,新臺幣1萬元以上150萬元以下。,2
違反民航法第99條之14第1項第2~10款有關遙控無人機飛航活動應遵守之規定，罰鍰金額為下列何者?,新臺幣30萬元以上150萬元以下。,新臺幣6萬元以上30萬元以下。,新臺幣3萬元以上15萬元以下。,新臺幣1萬元以上150萬元以下。,2
違反依民航法第99條之17所定規則有關射頻識別、檢驗、認可、維修與檢查、飛航活動之活動許可及內容、製造者與進口者之登錄及責任、飛航安全相關事件之通報等事項規定，罰鍰金額為下列何者?,新臺幣30萬元以上150萬元以下。,新臺幣6萬元以上30萬元以下。,新臺幣3萬元以上15萬元以下。,新臺幣1萬元以上150萬元以下。,3
遙控無人機活動申請分為下列哪幾種?,甲級申請與乙級申請2種。,初級申請與高級申請2種。,平日申請與假日申請2種。,一般申請與緊急申請2種。,3
遙控無人機活動之一般申請可參照下列何種參考文件申辦?,「政府機關（構）、學校或法人於禁航區、限航區、航空站或飛行場四周之一定距離範圍內從事遙控無人機飛航活動申請說明」。,「使用遙控無人機從事災害應變、災害預防、復原重建或災害以外之緊急情況申請書暨民用航空局同意書」。,「使用遙控無人機從事災害預防、復原重建或災害以外之緊急情況申請書暨直轄市、縣（市）同意書」。,「遙控無人機從事災害應變、災害之預防、復原重建或災害以外之緊急情況時，需取得/通知限航管理單位名冊」。,0
遙控無人機活動之緊急申請可參照下列何種參考文件申辦?,「使用遙控無人機從事災害應變、災害預防、復原重建或災害以外之緊急情況申請書暨民用航空局同意書」。,「使用遙控無人機從事災害預防、復原重建或災害以外之緊急情況申請書暨直轄市、縣（市）同意書」。,「遙控無人機從事災害應變、災害之預防、復原重建或災害以外之緊急情況時，需取得/通知限航管理單位名冊」。,以上皆是。,3
遙控無人機活動申請及飛航紀錄之經緯度位置資訊一律以下列何者表示?,度分（DDM）。,度分秒（DMS）。,度（DD）。,以上皆是。,1
經緯度的座標值可分為下列哪幾種表示方法?,可分為3種表示方法，分別為度、度分、度分秒。,可分為3種表示方法，分別為球座標、直角座標、圓柱座標。,可分為2種表示方法，分別為英制、公制。,可分為2種表示方法，分別為實數、複數。,0
經緯度的座標值北緯25.1度，東經121.4度；以度分來表示其座標為下列何者?,北緯25度10分，東經121度40分。,北緯25度1分，東經121度4分。,北緯25度6分，東經121度24分。,北緯25度12分，東經121度48分。,2
經緯度的座標值北緯25.11度，東經121.42度；以度分秒來表示其座標為下列何者?,北緯25度1分1秒，東經121度40分2秒。,北緯25度6分36秒，東經121度25分12秒。,北緯25度6分6秒，東經121度24分12秒。,北緯25度36分36秒，東經121度24分12秒。,1
經緯度的座標值平均每度緯線的距離約為下列何者?,87浬（160 km）。,49浬（91 km）。,55浬（102 km）。,60浬（111 km）。,3
經緯度的座標值1秒的距離約為下列何者?,100呎（30 m）。,112呎（34 m）。,115呎（35 m）。,118呎（36 m）。,0
臺北飛航情報區轉換高度為下列何者?,"5,000呎。","7,000呎。","11,000呎。","13,000呎。",2
實際高度（AGL，above ground level）即遙控無人機（非操作人所在位置）相對於下列何者之高度?,平均海平面。,地面或水面。,操作人所在位置。,操作人附近最高點。,1
在400呎以下之遙控無人機活動或限制區域的劃設均以下列何者為準?,密度高度。,橢球高。,平均海平面高度。,實際高度。,3
平均海平面高度（AMSL，above mean sea level）即為海拔高度，係以各地區人為設定的下列何者作為基準面測定的高度表示方式?,平均海平面。,操作人所在位置高度。,操作人附近最高點高度。,地面或水面高度。,0
無人機飛航超過400呎時，應了解無人機下列何種資訊，以利空域協調?,實際高度資訊。,橢球高資訊。,海拔高度資訊。,密度高度資訊。,2
橢球高（HAE，height above ellipsoid）又稱為大地高，係將地球假定為一理想橢球體，真實地表上任一點相對於橢球面的下列何者即為橢球高?,平行距離。,垂直距離。,切線距離。,圓弧距離。,1
GPS高度測量係利用GPS測量技術直接測定地面點的下列何者?,平均海平面高度。,實際高度。,密度高度。,大地高。,3
無人機的動力系統大致分為哪2大類?,氣冷式及水冷式等2大類。,立式及臥式等2大類。,馬達（電動式）及引擎（內燃機式）等2大類。,迴轉式及往復式等2大類。,2
電動無人機的動力系統包括下列哪些部分?,馬達、電池。,調速系統（電子調速器）。,螺旋槳。,以上皆是。,3
無人機動力系統中的馬達大部分屬於下列哪一類?,無刷直流馬達。,有刷直流馬達。,以上皆是。,以上皆非。,0
功率的定義為下列何者?,每單位時間所施加的力。,每單位時間所作的功或所消耗的能量。,每單位時間所增加或減少的溫度。,每單位時間所施加的扭矩。,1
功率的常用單位有下列哪些?,公制單位為瓦（W）；英制單位為馬力（HP）。,公制單位為焦耳（J）；英制單位為BTU。,公制單位為牛頓（N）；英制單位為磅（lb）。,以上皆是。,0
"在1,013.25 hPa、15℃時，空氣密度大約為下列何者?",1.005 kg/m3。,1.115 kg/m3。,1.225 kg/m3。,1.335 kg/m3。,2
升力公式中的升力係數的單位為下列何者?,hPa。,無因次（dimensionless）。,m/s。,kg/m2。,1
空氣密度與密度高度的關係為下列何者?,空氣密度減少表示較低的密度高度，空氣密度增加表示較高的密度高度。,空氣密度不論減少或增加均與密度高度無關。,視狀況而定，空氣密度減少有時表示較高的密度高度，有時表示較低的密度高度。,空氣密度減少表示較高的密度高度，空氣密度增加表示較低的密度高度。,3
空氣密度與動力輸出的關係為下列何者?,空氣密度減少，動力輸出隨之增加。,空氣密度減少，動力輸出隨之降低。,空氣密度與動力輸出無關。,以上皆非。,1
空氣密度受下列哪些因素影響?,高度、溫度、及濕度等。,推力、升力、阻力、及重力等。,空速、航向、及姿態等。,以上皆是。,0
高度如何影響空氣密度及無人機飛行?,高度越高，空氣密度越高；在一定攻角、較高高度下為保持升力，須以較低的真空速飛行。,高度越高，空氣密度越低；在一定攻角、較高高度下為保持升力，須以較低的真空速飛行。,高度越高，空氣密度越低；在一定攻角、較高高度下為保持升力，須以較高的真空速飛行。,高度越高，空氣密度越高；在一定攻角、較高高度下為保持升力，須以較高的真空速飛行。,2
溫度如何影響空氣密度及無人機飛行?,暖空氣的密度高於冷空氣；在一定攻角、較高溫度下為保持升力，須以較低的真空速飛行。,暖空氣的密度高於冷空氣；在一定攻角、較高溫度下為保持升力，須以較高的真空速飛行。,暖空氣的密度低於冷空氣；在一定攻角、較高溫度下為保持升力，須以較低的真空速飛行。,暖空氣的密度低於冷空氣；在一定攻角、較高溫度下為保持升力，須以較高的真空速飛行。,3
濕度如何影響空氣密度及無人機飛行?,濕空氣的密度低於乾空氣；在一定攻角、較高濕度下為保持升力，須以較高的真空速飛行。,濕空氣的密度高於乾空氣；在一定攻角、較高濕度下為保持升力，須以較高的真空速飛行。,濕空氣的密度高於乾空氣；在一定攻角、較高濕度下為保持升力，須以較低的真空速飛行。,濕空氣的密度低於乾空氣；在一定攻角、較高濕度下為保持升力，須以較低的真空速飛行。,0
無人機所用的螺旋槳的型號代表的意義為下列何者?,前兩碼為槳的直徑，後兩碼代表槳的螺距，單位皆為公分。,前兩碼為槳的寬度，後兩碼代表槳的螺距，單位皆為公分。,前兩碼為槳的直徑，後兩碼代表槳的螺距，單位皆為英吋。,前兩碼為槳的寬度，後兩碼代表槳的厚度，單位皆為英吋。,2
無人機所用的螺旋槳槳葉數量與空氣動力效率的關係為何?,槳葉數量越多，空氣動力效率越高。,槳葉數量越少，空氣動力效率越高。,槳葉數量與效率無關。,以上皆有可能。,1
螺旋槳螺距的意思為下列何者?,想像螺旋槳在某個不能流動的介質中沿螺旋槳軸向旋轉往前，同一片槳葉旋轉一圈所產生螺旋的徑向距離即為螺距。,想像螺旋槳在某個不能流動的介質中沿螺旋槳徑向旋轉往前，同一片槳葉旋轉一圈所產生螺旋的軸向距離即為螺距。,想像螺旋槳在某個不能流動的介質中沿螺旋槳徑向旋轉往前，同一片槳葉旋轉一圈所產生螺旋的徑向距離即為螺距。,想像螺旋槳在某個不能流動的介質中沿螺旋槳軸向旋轉往前，同一片槳葉旋轉一圈所產生螺旋的軸向距離即為螺距。,3
螺旋槳的材質為下列何者?,一般為硬質塑膠、碳纖維、及硬質木頭等。,一般為高速鋼、及合金鋼等。,一般為鋁合金、及銅合金等。,以上皆是。,0
CW、CCW哪個是順時針哪個是逆時針?,CW為逆時針，CCW為順時針。,CW、CCW都是順時針。,CW為順時針，CCW為逆時針。,CW、CCW都是逆時針。,2
電池的測電工具一般有下列何者?,一般有頻譜分析儀、光學尺等。,低電量警報器、分壓測電器及三用電表等。,一般有示波器、電晶體等。,一般有脈衝產生器、功率計等。,1
6s電池的分壓接頭係由幾條電線構成?,4條線。,5條線。,6條線。,7條線。,3
電池並聯時，電壓和電容量為何種變化?,電壓不變，電容量升高。,電壓降低，電容量升高。,電壓升高，電容量降低。,電壓升高，電容量不變。,0
無人機的外轉無刷馬達之型號，其代表的意義為下列何者?,前兩碼為馬達轉子繞線線圈的直徑，後兩碼為馬達轉子繞線線圈的高度。,前兩碼為馬達轉子繞線線圈的直徑，後兩碼為馬達定子繞線線圈的高度。,前兩碼為馬達定子繞線線圈的直徑，後兩碼為馬達轉子繞線線圈的高度。,前兩碼為馬達定子繞線線圈的直徑，後兩碼為馬達定子繞線線圈的高度。,3
無人機馬達的KV值代表之意義為下列何者?,其單位為kg/V，代表馬達在1V電壓下的離心力。,其單位為rpm/V，代表馬達在1V電壓下的每分鐘轉速。,其單位為℃/V，代表馬達在1V電壓下的操作溫度。,其單位為KW/V，代表馬達在1V電壓下的動力輸出。,1
螺旋槳可依下列何者作選配?,不同的KV值。,不同的操作溫度。,不同的離心力。,以上皆是。,0
如何選用高速槳或低速槳?,KV值較大者選用低速槳，KV值較小者選用高速槳。,不論KV值大小，選用高速槳就對了。,KV值較大者選用高速槳，KV值較小者選用低速槳。,不論KV值大小，選用低速槳就對了。,2
某無人機使用馬達KV值為400，標稱電壓為22.2 V，其理論空轉轉速如何計算?,"400*√22.2 = 1,885轉。","400*22.2 = 8,880轉。","√400*22.22 = 9,857轉。","400*22.2 *75%= 6,660轉。",1
有刷馬達的優點為下列何者?,結構簡單、起動扭矩大。,起動及煞車平穩、控制精度高。,購置成本低、維修方便。,以上皆是。,3
無刷馬達的優點為下列何者?,無電刷、低干擾。,噪音低、運轉摩擦力小。,壽命長、維護成本低。,以上皆是。,3
無人機的電子調速器型號是30 A，其代表的意義為下列何者?,代表飛控最大允許通過電流大小為30 A。,代表電池最大允許通過電流大小為30 A。,代表接收機最大允許通過電流大小為30 A。,代表電子調速器最大允許通過電流大小為30 A。,3
PWM（pulse-width modulation，脈波寬度調變）是下列何者?,PWM是將數位訊號轉換為脈波的一種技術。,PWM是將脈波訊號轉換為類比的一種技術。,PWM是將類比訊號轉換為脈波的一種技術。,PWM是將脈波訊號轉換為數位的一種技術。,2
電子調速器損壞後可用下列何者代替?,用更大的或更小的電子調速器代替都可以。,只能用更小的電子調速器代替。,只能用更大的電子調速器代替。,以上皆是。,2
無人多旋翼機如何達到平穩飛行的目的?,將所有螺旋槳旋轉方向設定相同，依據牛頓第3定律，螺旋槳所產生的反作用力互相抵銷，達到平穩飛行的目的。,將相鄰的螺旋槳旋轉方向設定相反，依據牛頓第3定律，螺旋槳所產生的逆時針反作用力與順時針反作用力互相抵銷，達到平穩飛行的目的。,將所螺旋槳旋轉方向設定相同，依據牛頓第1定律，螺旋槳所產生的反作用力互相抵銷，達到平穩飛行的目的。,將所螺旋槳旋轉方向設定相同，依據牛頓第2定律，螺旋槳所產生的反作用力互相抵銷，達到平穩飛行的目的。,1
無人多旋翼機如何實現各種動作?,依據牛頓第3定律，以電子調速器調配各個螺旋槳的轉速來實現各種動作。,依據牛頓第2定律，以電子調速器調配各個螺旋槳的轉速來實現各種動作。,依據牛頓第1定律，以電子調速器調配各個螺旋槳的轉速來實現各種動作。,以上皆是。,0
若某六軸無人機使用30 A電子調速器，選擇下列何種規格電池合適?,最大放電電流需小於6*30 = 180 A。,最大放電電流需大於6*30 = 180 A。,最大放電電流需小於6*√30 = 33 A。,最大放電電流需大於6*√30 = 33 A。,0
四軸無人機如何前後飛行?（依序將螺旋槳編號為#1、#2、#3、#4，#1、#3順時針旋轉，#2、#4逆時針旋轉）,將螺旋槳#2、#3加速，同時將#1、#4減速，無人機向前飛行；反之則向後飛行。,將螺旋槳#3、#4加速，同時將#1、#2減速，無人機向前飛行；反之則向後飛行。,將螺旋槳#1、#3加速，同時將#2、#4減速，無人機向前飛行；反之則向後飛行。,將所有螺旋槳同時加速，無人機向前飛行；反之則向後飛行。,1
四軸無人機如何側向飛行?（依序將螺旋槳編號為#1、#2、#3、#4，#1、#3順時針旋轉，#2、#4逆時針旋轉）,將螺旋槳#2、#3加速，同時將#1、#4減速，無人機向左飛行；反之則向右飛行。,將螺旋槳#3、#4加速，同時將#1、#2減速，無人機向左飛行；反之則向右飛行。,將螺旋槳#1、#3加速，同時將#2、#4減速，無人機向左飛行；反之則向右飛行。,將所有螺旋槳同時加速，無人機向左飛行；反之則向右飛行。,0
四軸無人機如何原地轉向?（依序將螺旋槳編號為#1、#2、#3、#4，#1、#3順時針旋轉，#2、#4逆時針旋轉）,將螺旋槳#2、#3加速，同時將#1、#4減速，無人機原地逆時針轉向；反之則原地順時針轉向。,將螺旋槳#3、#4加速，同時將#1、#2減速，無人機原地逆時針轉向；反之則原地順時針轉向。,將螺旋槳#1、#3加速，同時將#2、#4減速，無人機原地逆時針轉向；反之則原地順時針轉向。,將所有螺旋槳同時加速，無人機原地逆時針轉向；反之則原地順時針轉向。,2
四軸無人機如何垂直升降?（依序將螺旋槳編號為#1、#2、#3、#4，#1、#3順時針旋轉，#2、#4逆時針旋轉）,將螺旋槳#2、#3加速，同時將#1、#4減速，無人機垂直上升；反之則垂直下降。,將螺旋槳#3、#4加速，同時將#1、#2減速，無人機垂直上升；反之則垂直下降。,將螺旋槳#1、#3加速，同時將#2、#4減速，無人機垂直上升；反之則垂直下降。,將所有螺旋槳同時加速，無人機垂直上升；反之則垂直下降。,3
四軸無人機在空中有幾個自由度?,3個自由度。,6個自由度。,4個自由度。,5個自由度。,1
四軸無人機在空中有下列哪幾種自由度?,上下、前後。,左右，滾轉。,俯仰、偏航。,以上皆是。,3
無人機以下列何種方式飛行最省電?,極速飛行。,變速飛行。,勻速飛行。,以上皆是。,2
直昇機揮舞運動的定義為何?,槳葉扭轉運動（torsion）。,槳葉上下撲動（flapping）。,槳葉前後擺動動（lead & flag）。,槳葉伸縮運動（tension & compression）。,1
直昇機擺振運動的定義為何?,槳葉扭轉運動（torsion）。,槳葉上下撲動（flapping）。,槳葉前後擺動（lead & flag）。,槳葉伸縮運動（tension & compression）。,2
下列哪些為遙控無人機系統於飛行前應做之必要檢查?,地面導控站、遙控器、無人機飛行前檢查及周邊環境及天氣等。,空域管制、組員資源管理及風險管理等。,任務規畫、機場協調及日出日落時間等。,以上皆是。,0
下列何者不是無人機飛行前地面導控站檢查項目?,GPS衛星數、地面導控站電量。,數傳信號。,告警訊息（羅盤、加速規等）。,遙控動作與無人機匹配性。,3
下列何者不是無人機飛行前遙控器檢查項目?,遙控器電量。,GPS衛星數。,搖桿微調位置合適性(如適用)。,遙控動作與無人機匹配性。,1
下列何者不是無人機飛行前無人機機身（含電池）檢查項目?,微調位置合適性。,螺旋槳和機架完整。,螺絲鎖接緊密、起落架功能正常。,電池電量充足。,0
下列何者不是電池使用檢查項目?,合適的電池容量、合適的s數。,安全的電池安裝。,數傳信號。,穩固的連結至系統。,2
下列何者不是無人機飛行前周邊環境檢查項目?,風速與風向、障礙物。,距離、地磁與其他干擾。,避開人口聚集區域。,螺旋槳和機架完整。,3
無人多旋翼機一般由下列哪些部件組成?,機架、中心板、馬達。,電子調速器、槳葉、飛控。,腳架、電池、遙控器。,以上皆是。,3
下列何種感測器不是用來測量無人機方位、高度和速度?,GPS、羅盤。,氣壓計。,溫度計。,3軸陀螺儀/3軸加速規。,2
下列何者不是用來描述無人機的特性?,軸距、重量、抗風能力。,塗裝與價格。,巡航速度與最大速度、升限。,單人操作還是多人協同操作。,1
最大起飛重量10公斤的無人多旋翼機約可載重幾公斤?,2.5公斤。,2公斤。,1.5公斤。,1公斤。,0
GPS天線為何需要天線支架?,增加美觀。,避開人口聚集區域。,防止電磁干擾。,減低風速與風向的影響。,2
IMU（inertial measurement unit，慣性量測單元）是用3個軸向的陀螺儀及加速規，來量測無人機的下列何者?,3個軸向的高度及位置。,3個軸向的姿態角及加速度。,3個軸向的姿態角及速度。,3個軸向的高度及加速度。,1
陀螺儀（gyroscope）主要由一個位於軸心的轉子構成，依據角動量守恆原理，轉子旋轉時產生的角動量有抗拒方位改變的特性，用此特性來感測和維持下列何者?,方位及角速度。,高度及角速度。,方位及高度。,以上皆是。,0
加速規（accelerometer）又稱加速度計，利用壓電效應、壓阻效應、或電容式感應等作用原理，來測量下列何者?,高度。,位置。,速度。,加速度。,3
無人飛機在視距外發生「發電機失效(動力系統正常)」，緊急處置程序之一為下列何者?,切入返航模式。,立即關閉航機所有電力驅動之酬載裝置。,立即關閉航機除第一人稱影像外之非必要酬載設備。,開啟自動避障系統。,2
無人飛機在視距外發生「發電機失效(動力系統正常)」時，關閉非必要酬載設備之目的下列何者為非?,減緩蓄電池之電力消耗。,將電力留存供伺服舵機使用。,緩解發電機之振動影響航機穩定操作。,將電力留存供飛控電腦等必要裝備使用。,2
無人飛機在視距外發生「引擎或動力失效」，緊急處置程序之一為下列何者?,切入自動駕駛模式。,分析無人機現有高度與飄降距離。,檢查確認地面導控站硬體接線。,開啟慣性導航系統。,1
無人飛機在視距外發生「引擎或動力失效」，若高度不足以飄降回本場，則參考下列何者將無人機飛至安全區域迫降?,姿態儀及酬載影像。,壓力高度。,風速風向。,雲幕高及能見度。,0
無人飛機在視距外發生「引擎或動力失效」，若操作人分析當下高度不足以飄降回本場，下列處置程序何者為非?,參考姿態儀。,參考酬載影像。,帶桿增加航機攻角。,儘速以飄降方式將航機飛至安全區域實施異地迫降。,2
最佳飄降速度定義為下列何者?,無風環境下，無動力之定翼機下降單位高度可定向飛行最大距離之空速。,背風時一定的高度減少下，無動力之定翼機可定向飛行最大距離的速度。,迎風時一定的高度減少下，無動力之定翼機可定向飛行最大距離之速度。,無風環境下，無動力之定翼機下降單位高度可定向飛行最大距離之地速。,0
無人飛機在視距內發生「引擎或動力失效」，緊急處置程序之一為下列何者?,儘速以返航模式落地。,檢查確認地面導控站硬體接線。,開啟自動避障系統。,切換至適當之操作模式，及時依現場風向風速妥適調整航向及各操縱面以保持空速及姿態。,3
無人飛機在視距內發生「引擎或動力失效」，緊急處置程序之一為下列何者為非?,立即切入適當之操作模式。,依現場風向風速妥適調整航向以保持空速及姿態。,依現場風向風速妥適調整各操縱面以保持空速及姿態。,依現場風向風速妥適調整航向及各操縱面以保持航機高度。,3
無人直昇機與多旋翼機在視距外發生「引擎或動力失效」，緊急處置程序之一為下列何者?,立即切入自動駕駛模式。,若航機尚存部份動力，應儘速穩定姿態並減緩下降率，以第一人稱方式尋找安全地點實施異地迫降。,若尚存部份控制能力，應儘速大角度迴轉，拉高高度後以穩定姿態返場降落。,檢查確認地面導控站GPS訊號品質。,1
無人直昇機與多旋翼機在視距外發生「動力系統失效」之緊急處置程序為下列何者?,開啟自動避障功能。,若不足以返場降落，應避開人、車、物，循備降場或安全平坦處作預防性飄降。,應立即記錄最終定位座標，儘速前往可能之墜落地點查看，視需要通報相關單位處理。,切入返航模式。,2
無人飛機在視距外發生「上傳鏈路失效」，緊急處置程序之一為下列何者?,關閉無人飛機上不必要之電力裝置。,開啟自動避障系統。,飄降回本場。,無人飛機自動或人為切入返航模式。,3
無人機操作模式之「返航模式」（return to home）指的是下列何者?,飛向預先設定之歸航點，並於歸航點自動降落或盤旋/停懸至切出返航模式或油量/電量耗盡。,在切入返航模式當時的位置，盤旋至切出返航模式或油量/電量耗盡。,在切入返航模式當時的位置往東5 km，盤旋至切出返航模式或油量/電量耗盡。,在切入返航模式當時的位置往北5 km，盤旋至切出返航模式或油量/電量耗盡。,0
無人機飛行控制器系統，其上傳鏈路（遙控訊號）之失效保護（Fail Safe）預設值，其觸發動作下列何者為非?,自主飛行。,自動返航。,原地降落。,原地盤旋或懸停。,0
無人飛機在視距外發生「上傳鏈路失效」，若無法恢復控制鏈路或航機接收端異常，其失效保護機制（Fail Safe）將觸發下列何者?,自主飛行。,自動拉高。,自動降落。,自動返航。,3
無人飛機在視距外發生「上傳鏈路失效」，緊急處置程序之一為下列何者?,關閉無人機上不必要之電力裝置。,分析上傳鏈路失效原因為干擾/遮蔽、地面導控站（發射端）異常、或航機（接收端）異常。,開啟自動避障系統。,飄降回本場。,1
無人飛機在視距外發生「上傳鏈路失效」，若失效原因為干擾/遮蔽，則等待無人飛機脫離干擾/遮蔽位置後應採取下列何種動作?,檢查確認導控站硬體接線、更換模組、或重新開機。,應立即以地圖介面或酬載影像檢視週遭遮蔽物及干擾源，待航機恢復控制後應立即轉向或爬升脫離。,若干擾/遮蔽狀況持續，應立即切換自動導航模式，繼續飛行。,關閉無人機上不必要之電力裝置。,1
無人飛機在視距外發生「上傳鏈路失效」，若失效原因為導控站（亦即上傳發射端）異常，則應採取下列何種動作?,檢查確認導控站硬體接線、更換模組、或重新開機，嘗試恢復控制後飛回本場。,關閉無人飛機上不必要之電力裝置。,在歸航點盤旋至油量/電量耗盡。,開啟自動避障系統。,0
無人直昇機與多旋翼機在視距外發生「上傳鏈路失效」，若失效原因為干擾/遮蔽，則等待無人飛機脫離干擾/遮蔽位置後應採取下列何種動作?,檢查確認導控站硬體接線、更換模組、或重新開機。,應立即以地圖介面或酬載影像檢視週遭遮蔽物及干擾源，待航機恢復控制後應立即轉向或升高脫離。,若干擾/遮蔽狀況持續，應立即切換自動導航模式，繼續飛行。,關閉無人機上不必要之電力裝置。,1
無人飛機在視距外發生「上傳鏈路失效」，若失效原因為航機（亦即上傳接收端）異常，則應採取下列何種動作?,關閉無人飛機上不必要之電力裝置。,無人飛機將在歸航點盤旋至油量/電量耗盡。,檢查確認導控站硬體接線、更換模組、或重新開機。,可利用地圖介面、即時飛航資訊及酬載影像，全程監控航機是否正確返回歸航點盤旋或降落。,3
無人飛機在視距內發生「上傳鏈路失效」，若失效原因為干擾/遮蔽，則等待無人飛機脫離干擾/遮蔽位置後應採取下列何種動作?,檢查確認導控站硬體接線、更換模組、或重新開機。,以肉眼檢視週遭潛在遮蔽物及干擾源，待航機恢復控制後應立即轉向或爬升脫離。,關閉無人飛機上不必要之電力裝置。,切換至適當之操作模式，儘速以穩定之滾轉角、俯仰角等飛行姿態落地。,1
無人飛機在視距外發生「下傳鏈路失效」，緊急處置程序之一為下列何者?,關閉無人飛機上不必要之電力裝置。,調整俯仰姿態以飄降飛回本場。,參考航機飛行軌跡及斷訊前回傳之飛航資訊與酬載影像，儘速執行轉向或爬升操作以脫離干擾/遮蔽區域。,開啟自動避障系統。,2
無人飛機在視距外發生「下傳鏈路失效」，緊急處置程序之一為下列何者?,參考航機飛行軌跡及斷訊前回傳之飛航資訊與酬載影像，儘速執行第一人稱操作以脫離干擾/遮蔽區域。,參考航機飛行軌跡及斷訊前回傳之飛航資訊與酬載影像，儘速執行推桿操作以建立安全空速。,參考航機飛行軌跡及斷訊前回傳之飛航資訊與酬載影像，儘速執行轉向或爬升操作以脫離干擾/遮蔽區域。,參考航機飛行軌跡及斷訊前回傳之飛航資訊與酬載影像，儘速執行轉向或爬升操作以接近干擾/遮蔽區域。,2
無人飛機在視距外發生「下傳鏈路失效」，若失效原因為干擾/遮蔽，則等待無人飛機脫離干擾/遮蔽位置後應採取下列何種動作?,應立即切換至適當之操作模式或啟動返航模式。,開啟自動避障系統。,關閉無人機上不必要之電力裝置。,調整俯仰姿態以飄降飛回本場。,0
無人飛機在視距外發生「下傳鏈路失效」，若失效原因為無人飛機發射端異常，則應採取下列何種動作?,檢查確認導控站硬體接線、更換模組、或重新開機。,應立即採取減災飛行決策，嘗試恢復鏈路通訊後以第一人稱方式，儘速控制航機以穩定姿態返場降落。,切換至姿態操作模式，儘速參考酬載影像以第一人稱方式將航機飛回本場。,關閉無人飛機上不必要之電力裝置。,1
無人飛機在視距外發生「下傳鏈路失效」，若失效原因為地面導控站接收端異常，則應採取下列何種動作?,應立即檢診其電源、天線及硬體線路接頭，必要時可更換模組或重新開機以嘗試恢復鏈路通訊。,應立即採取減災飛行決策，嘗試恢復鏈路通訊後以第一人稱方式，儘速控制航機以穩定姿態返場降落。,切換至姿態操作模式，儘速參考酬載影像以第一人稱方式將航機飛回本場。,關閉無人飛機上不必要之電力裝置。,0
無人飛機在視距內發生「下傳鏈路失效」，緊急處置程序之一為下列何者?,檢查確認導控站硬體接線、更換模組、或重新開機。,應立即切換至適當之操作模式或啟動返航模式，並全程使用第一人稱操作，儘速控制航機以穩定姿態返場降落。,關閉無人飛機上不必要之電力裝置。,應立即切換至適當之操作模式或啟動返航模式，並全程與航機 保持目視，儘速控制航機以穩定姿態返場降落。,3
無人飛機在視距外發生「下傳鏈路失效」，若超過該機合理滯空時間一直未見航機歸航或飛回本場，代表可能發生下列何種狀況?,可能已在其他適當地點安全降落。,可能仍在發生「下傳鏈路失效」當時的位置盤旋。,可能已在下傳斷訊時失事或返航途中失事。,以上皆非。,2
無人飛機在視距外發生「衛星定位訊號異常」，緊急處置程序為下列何者?,立即切換至適當之操作模式以停止衛星定位功能介入航機之控制，並由操作人以第一人稱方式接手操作。,調整俯仰姿態以飄降飛回本場。,關閉無人飛機上不必要之電力裝置。,檢查確認導控站硬體接線、更換模組、或重新開機。,0
無人飛機在視距內發生「衛星定位訊號異常」，緊急處置程序為下列何者?,儘速操控航機轉向或爬升脫離高樓周圍、橋梁下、峽谷內、密林中及輸電線路周邊等環境，並以目視方式控制航機返場降落。,調整俯仰姿態以飄降飛回本場。,關閉無人飛機上不必要之電力裝置。,檢查確認導控站硬體接線、更換模組、或重新開機。,0
無人直昇機與多旋翼機在視距外發生「衛星定位訊號異常」，緊急處置程序為下列何者?,儘速操控航機轉向或上升脫離高樓周圍、橋梁下、峽谷內、密林中及輸電線路周邊等環境，待衛星訊號恢復後繼續飛行。,調整俯仰姿態以飄降飛回本場。,關閉無人飛機上不必要之電力裝置。,檢查確認導控站硬體接線、更換模組、或重新開機。,0
無人直昇機與多旋翼機在視距外發生「衛星定位訊號異常」，緊急處置程序為下列何者為非?,儘速操控航機轉向或上升脫離高樓周圍、橋梁下、峽谷內、密林中及輸電線路周邊等環境，待衛星訊號恢復後繼續飛行。,操作人參考即時飛航資訊、地圖介面及酬載影像以第一人稱方式接手操作。,立即切換至適當之操作模式以停止衛星定位功能介入航機之控制。,若異常狀況持續無法改正，應儘速以目視方式控制航機返場降落。,3
無人直昇機與多旋翼機在視距內發生「衛星定位訊號異常」，緊急處置程序為下列何者?,立即切換至適當之操作模式以停止衛星定位功能介入航機之控制，並由操作人以目視方式接手操作。,調整俯仰姿態以飄降飛回本場。,關閉無人飛機上不必要之電力裝置。,檢查確認導控站硬體接線、更換模組、或重新開機。,0
無人飛機在視距內發生「姿態儀異常」，緊急處置程序之一為下列何者?,檢查確認導控站硬體接線、更換模組、或重新開機。,切換至適當之操作模式，由操作人目視航機接手操作，穩定飛行姿態後儘速控制航機返場降落。,關閉無人飛機上不必要之電力裝置。,人為切入返航模式。,1
無人飛機在視距外發生「姿態儀異常」，緊急處置程序之一為下列何者?,若操作人之技能不足以第一人稱方式手動控制航機，應立即採取減災飛行決策，參考姿態儀及時資訊操控航機落地。,若操作人之技能不足以第一人稱方式手動控制航機，應立即採取減災飛行決策，參考酬載影像、即時飛航資訊及地圖介面嘗試將航機飛至人群上空。,若操作人之技能不足以第一人稱方式手動控制航機，應立即採取減災飛行決策，參考酬載影像、即時飛航資訊及地圖介面嘗試將航機飛至安全區域，並儘速實施異地迫降處置。,若操作人之技能不足以第一人稱方式手動控制航機，應立即切換至返航模式，參考酬載影像及地圖介面嘗試將航機飛至安全區域迫降。,2
無人直昇機與多旋翼機在視距內發生「姿態儀異常」，緊急處置程序之一為下列何者?,立即切換至適當之操作模式以停止慣性導航儀介入航機之控制。,切換至適當之操作模式，參考酬載影像以第一人稱方式將無人機飛回本場。,立即由操作人目視航機接手操作，建立安全高度後儘速控制航機返場降落。,立即由操作人目視航機接手操作，穩定姿態或原處懸停後儘速控制航機返場降落。,3
無人直昇機與多旋翼機在視距外發生「姿態儀異常」，緊急處置程序之一為下列何者?,參考酬載影像穩定姿態或原處懸停後操控航機與地形地障保持安全隔離。,立即切換至姿態模式，儘速以穩定之滾轉角、俯仰角穩定將航機飛回本場。,立即切換至姿態模式由操作人接手操作，將航機原處盤旋。,立即切換至適當之操作模式以停止慣性導航儀介入航機之控制。,0
無人直昇機與多旋翼機在視距外發生「姿態儀異常」，緊急處置程序之一為下列何者?,檢查確認導控站硬體接線、更換模組、或重新開機。,切換至姿態操作模式，儘速參考酬載影像以第一人稱方式將航機飛回本場。,立即切換至適當之操作模式以停止姿態儀介入航機之控制，並由操作人接手操作。,人為切入返航模式。,2
無人飛機在視距外發生「空速管失效」，緊急處置程序為下列何者?,人為切入返航模式。,關閉無人機上不必要之電力裝置。,檢查確認導控站硬體接線、更換模組、或重新開機。,改以導航系統（如衛星定位及慣性導航等）測得之速度及高度參數作為操作之準據。,3
無人飛機在視距內發生「操縱面致動器/伺服舵機(Servo)失效」，若為單邊控制面（方向舵、副翼、升降舵）失效航機尚存部分可控性，緊急處置程序為下列何者?,立即調整地面導控站位置。,立即切換至姿態模式。,改以導航系統（如衛星定位及慣性導航等）測得之速度及高度參數作為操作之準據。,嘗試利用正常操縱面及差異推力控制（Differential thrust/power）進行配平補償操作以改正航機姿態。,3
無人飛機在視距外發生「翼面致動器失效」，若為單邊控制面（方向舵、副翼、升降舵）失效航機尚存部分可控性，緊急處置程序為下列何者?,立即以第一人稱方式接手操作，嘗試利用正常操縱面及推力控制進行配平補償操作以改正航機姿態。,開啟自動避障系統。,人為切入返航模式。,切換至適當之操作模式，儘速穩定飛行姿態將航機以目視方式飛回本場。,0
無人飛機在視距外發生「翼面致動器失效」，若為雙邊控制面（方向舵、副翼、升降舵）失效航機已完全喪失可控性，緊急處置程序為下列何者?,啟動自動返航模式。,開啟自動避障系統。,應立即記錄最終定位座標，在人員安全前題下儘速前往可能之墜落地點查看，以確認未引起火災等其他災害。,切換至適當之操作模式，儘速穩定飛行姿態將航機以目視方式飛回本場。,2
無人飛機在視距外發生「空中失速(Stall)」，緊急處置程序為下列何者?,以目視方式操作航機飛至安全區域迫降。,調整俯仰姿態以飄降飛回本場。,切換至適當之操作模式，儘速以穩定之滾轉角、俯仰角等飛行姿態降低無人機飛行攻角，建立安全高度。,立即切換至適當之操作模式由操作人以第一人稱方式接手操作，推桿控制航機姿態降低飛行攻角以建立安全空速。,3
無人飛機在視距內發生「空中失速(Stall)」，緊急處置程序為下列何者?,以第一人稱方式操作航機飛至安全區域迫降。,立即切換至適當之操作模式由操作人目視航機接手操作，推桿控制航機姿態降低飛行攻角以建立安全空速。,切換至適當之操作模式，儘速以穩定之滾轉角、俯仰角等飛行姿態降低無人機飛行攻角，建立安全高度。,調整俯仰姿態以飄降飛回本場。,1
無人飛機在視距外發生「低油量/電量」，緊急處置程序為下列何者?,切入任務模式，儘速以穩定之滾轉角、俯仰角等飛行姿態將航機飛回本場。,立即關閉航機除酬載影像外之非必要酬載設備以減緩油量/電量之消耗。,立即加大動力以全速飛回本場。,立即關閉航機酬載影像等非必要酬載設備，以減緩油量/電量之消耗。,1
無人直昇機與多旋翼機在視距外發生「低油量/電量」，緊急處置程序為下列何者?,開啟自動避障系統。,立即以第一人稱方式保持全速飛行，儘速安全返場降落。,調整俯仰姿態以飄降飛回本場。,參考姿態儀及酬載影像將航機飛至安全區域迫降。,3
無人直昇機與多旋翼機在視距外發生「低油量/電量」，緊急處置程序下列何者為非?,立即關閉航機除酬載影像外之非必要酬載設備以減緩油量/電量之消耗。,減緩油量/電量之消耗，以維持飛控電腦及伺服舵機等必要模組之運作。,減緩油量/電量之消耗，以維持廣播設備及投放伺服機等模組之運作。,立即以第一人稱方式保持勻速飛行，儘速安全返場降落。,2
「迫降航線處置」指的是下列何者?,自行判斷當下高度、距離及航線，安全返場降落。,開啟自動避障系統。,機動改變任務航線來繞越或避障。,參考酬載影像避障並迫降於安全處。,0
「異地迫降處置」指的是下列何者?,自行判斷當下高度、距離及航線，安全返場降落。,開啟自動避障系統。,機動改變任務航線來繞越或避障。,參考酬載影像避障並迫降於安全處。,3
「空中緊急避障處置」指的是下列何者?,自行判斷當下高度、距離及航線，安全返場降落。,開啟自動避障系統。,機動改變任務航線來繞越或避障。,參考酬載影像避障並迫降於安全處。,2
臺北近場臺範圍不包括下列何者?,連江縣。,宜蘭縣。,臺中市。,雲林縣。,3
高雄近場臺範圍不包括下列何者?,嘉義縣。,南投縣。,雲林縣。,金門縣。,1
臺北飛航情報區限航區名冊，RCR45、RCR46、RCR47（核三、核一、核二廠），涉及下列何者?,航道及航管安全。,情報及邊境安全。,輻射及廠房安全。,以上皆是。,2
臺北飛航情報區限航區名冊，東沙群島位於下列哪個飛航情報區內?,香港飛航情報區。,臺北飛航情報區。,馬尼拉飛航情報區。,廣州飛航情報區。,0
臺北飛航情報區限航區名冊，南沙群島位於下列哪個飛航情報區內?,香港飛航情報區。,臺北飛航情報區。,馬尼拉飛航情報區。,廣州飛航情報區。,2
遙控無人機實際作業地點在台中，要派員去下列哪個近場管制塔臺?,位在臺北的臺北近場管制塔臺。,位在桃園的臺北近場管制塔臺。,位在台南的高雄近場管制塔臺。,位在高雄的高雄近場管制塔臺。,1
遙控無人機實際作業地點在台東，要派員去下列哪個近場管制塔臺?,位在臺北的臺北近場管制塔臺。,位在桃園的臺北近場管制塔臺。,位在台南的高雄近場管制塔臺。,位在高雄的高雄近場管制塔臺。,3
若無人機作業範圍未在禁/限航區、未在民航局公告之航空站或飛行場四周一定距離範圍、且高度未逾距地面或水面400呎者，是否需派員至航管單位進行協調?,無需派員至航管單位進行協調。,仍需派員至航管單位進行協調。,由無人機操作人自行決定。,由航管單位依當時的航空交通流量來決定。,0
臺北近場臺及高雄近場臺均位於保安管制區，臨時進出之人員須取得下列哪個單位核准?,民航局。,國安局。,航空警察單位。,機場保全公司。,2
1個遙控無人機申請案以派遣幾位協調人員至航管單位為原則?,1位。,2位。,3位。,4位。,0
若在同日派1位協調人員負責多處遙控無人機之聯繫作業，應安排不同遙控無人機活動作業時間，以免發生下列何種狀況，而衍生飛安風險?,延誤放行升空時機。,壓縮作業時間。,未依航管指示落地。,以上皆是。,3
派遣至航管單位的協調人員，應熟知遙控無人機申請案的相關作業內容中不包括下列何者?,申請案之作業地點、範圍、實際作業高度。,機場周邊活動、其他航機飛行。,申請案號碼、飛航公告號碼。,作業時間、返回落地所需時間。,1
協調人員至航管單位時，應主動告知相關作業內容訊息予下列何人?,塔臺長。,航管班務督導。,管制員。,航詢員。,1
協調人員至航管單位執行協調聯繫作業時，手機應作下列何種設定?,手機應設定為響鈴模式。,手機應設定為飛航模式。,手機應設定為靜音或震動模式。,手機應暫時關機。,2
航管單位屬於保安管制區域，作業期間應遵守下列哪些事項?,禁止拍照、錄音、攝影等，但可隨意走動。,可以拍照、錄音、攝影等，但不得進入指定區域以外之場所。,可以拍照、錄音、攝影等，且可隨意走動。,禁止拍照、錄音、攝影等，且不得進入指定區域以外之場所。,3
空域協調使用作業期間以下列何者為優先?,軍、民航機。,遙控無人機。,輕航機。,滑翔機。,0
派遣至航管單位的協調人員，應確實按航管人員指示內容，即時聯絡下列何人配合辦理?,遙控無人機目視觀察員。,遙控無人機所有人。,遙控無人機操作人。,以上皆是。,2
遙控無人機飛航活動申請時，「作業概述」欄位應敘明下列哪些資訊?,作業高度、預期效益等資訊。,作業目的、預計起降地點等資訊。,作業溫度、氣壓及氣象預報等資訊。,作業所需航空知識、緊急處置程序等資訊。,1
遙控無人機飛航活動申請時，「作業概述」預計起降地點可輸入下列何者?,座標（如：經緯度）。,地標（如：台大實驗林）。,以上皆可。,以上皆非。,2
遙控無人機飛航安全相關事件之一，是指下列何者所規定之遙控無人機飛航事故?,民用航空法。,飛航規則。,危險物品空運管理辦法。,運輸事故調查法。,3
運輸事故調查法所規定之遙控無人機飛航事故，應向下列何者通報?,向民航局通報即可。,向運安會通報即可。,先向民航局通報，再看情形決定是否向運安會通報。,除向民航局通報外，亦應向運安會通報。,3
運輸事故調查法規定，運輸事故發生後，應於得知消息後多少時間內通報運安會?,2小時內。,12小時內。,24小時內。,48小時內。,0
運輸事故調查法規定，疑似運輸事故發生後，應於得知消息後多少時間內通報運安會?,12小時內。,24小時內。,2小時內。,48小時內。,1
運輸事故調查法規定，遙控無人機所有人或操作人，無正當理由未於期限內通報運安會事故或疑似事故者，處下列何種罰鍰?,新臺幣3萬元以上15萬元以下。,新臺幣6萬元以上30萬元以下。,新臺幣30萬元以上150萬元以下。,新臺幣1萬元以上150萬元以下。,1
運輸事故調查法所規定之遙控無人機飛航事故明訂於下列何者?,民用航空法。,飛航規則。,遙控無人機重大飛航事故調查作業處理規則。,危險物品空運管理辦法。,2
「遙控無人機重大飛航事故調查作業處理規則」規定，遙控無人機重大飛航事故發生後，下列何者應儘速通報已知事故狀況?,遙控無人機所有人。,遙控無人機操作人。,政府相關機關（構）。,以上皆是。,3
「遙控無人機重大飛航事故調查作業處理規則」規定，遙控無人機重大飛航事故發生後，應儘速將已知事故狀況通報運安會之下列何者?,值日官。,主任調查官。,執行長。,專案調查小組。,0
「遙控無人機重大飛航事故調查作業處理規則」規定，下列何者為應通報之事故?,人員死亡或傷害。,人員生病或情緒不佳。,人員睡眠不足或喝酒過量。,人員注意力不集中。,0
「遙控無人機重大飛航事故調查作業處理規則」規定，「死亡」指該人直接觸及遙控無人機之任何部位，包括自機體分離之部分，而有下列哪種情形者?,當場死亡。,4小時之內死亡。,8小時之內死亡。,12小時之內死亡。,0
「遙控無人機重大飛航事故調查作業處理規則」規定，「傷害」指下列哪種情形者?,受傷後3日之內須住院治療12小時以上。,受傷後5日之內須住院治療24小時以上。,受傷後7日之內須住院治療48小時以上。,受傷後10日之內須住院治療72小時以上。,2
「遙控無人機重大飛航事故調查作業處理規則」規定，下列何者為應通報之事故?,最大起飛重量逾1公斤之遙控無人機遭受實質損害。,最大起飛重量逾25公斤之遙控無人機遭受實質損害。,最大起飛重量逾1公斤之遙控無人機遭受可修復之損壞。,最大起飛重量逾25公斤之遙控無人機遭受可修復之損壞。,1
「遙控無人機重大飛航事故調查作業處理規則」規定，「實質損害」指下列哪種情形者?,遙控無人機損壞，修復需費時1日之內、費用新臺幣1萬元以內。,遙控無人機損壞，修復需費時5日之內、費用新臺幣10萬元以內。,遙控無人機損壞，修復需費時5日以上、費用新臺幣10萬元以上。,遙控無人機損壞無法修復。,3
「遙控無人機重大飛航事故調查作業處理規則」規定，造成人民生命、財產重大影響者、或毀損超過下列何者為應通報之事故?,新臺幣100萬元者。,新臺幣50萬元者。,新臺幣25萬元者。,新臺幣10萬元者。,1
「飛航規則」規定，「高度」指下列何者?,自特定基準至空中某平面或某點或某目標物間之水平距離。,自平均海平面至空中某平面或某點或某目標物間之水平距離。,自特定基準至空中某平面或某點或某目標物間之垂直距離。,自平均海平面至空中某平面或某點或某目標物間之垂直距離。,3
「飛航規則」規定，「實際高度」指下列何者?,自特定基準至空中某平面或某點或某目標物間之水平距離。,自平均海平面至空中某平面或某點或某目標物間之水平距離。,自特定基準至某平面、某點、或某目標物間之垂直距離。,自平均海平面至空中某平面或某點或某目標物間之垂直距離。,2
「飛航規則」規定，有人機目視飛航最低實際高度為下列何者?,不得低於距地面或水面500呎。,不得低於距地面或水面400呎。,不得低於距地面或水面300呎。,不得低於距地面或水面200呎。,0
「指示高度」為由高度表所顯示出來的高度，基準面為下列何者?,標準參考面。,最低雲幕高。,地面或海平面。,高度表壓力調撥值所設定的基準面。,3
「指示高度」壓力調撥值為下列何者?,29.92 in-Hg。,當地之大氣壓力值。,27.92 in-Hg。,「指示高度」沒有壓力調撥值問題。,1
「真高度」俗稱海拔高度，為航空器高於下列何者的垂直距離?,地面。,最低雲幕高。,平均海平面。,標準參考面。,2
一般在航圖看到的高度，包括機場、地形、或障礙物的標高都是下列何者?,MSL。,AGL。,ASL。,MGL。,0
「絕對高度」通常是指經由下列何者所顯示出來的高度?,電波/雷達高度表。,GPS。,氣壓高度表。,以上皆是。,0
「絕對高度」基準為下列何者?,標準參考面。,地面。,最低雲幕高。,海平面。,1
「絕對高度」壓力高度表的壓力調撥值為下列何者?,29.92 in-Hg。,當地之大氣壓力值。,27.92 in-Hg。,「絕對高度」沒有壓力調撥值問題。,3
「絕對高度」常用下列何者來表示?,MSL。,MGL。,AGL。,ASL。,2
飛機在通過或降落高山地區的空域時，使用下列何種高度比較安全?,指示高度。,絕對高度。,壓力高度。,以上皆是。,1
「壓力高度」基準面為下列何者?,海平面。,最低雲幕高。,標準參考面。,地面。,2
「壓力高度」之壓力調撥值設定為下列何者?,當地之大氣壓力值。,「壓力高度」沒有壓力調撥值問題。,27.92 in-Hg。,29.92 in-Hg。,3
「壓力高度」用以計算下列何者?,密度高度。,真高度。,真空速及其他性能資料。,以上皆是。,3
「密度高度」為將壓力高度值對下列何者校驗後的高度?,溫度。,濕度。,風速。,氣壓。,0
如果大氣溫度符合國際標準大氣的狀況，密度高度等於下列何者?,指示高度。,真高度。,壓力高度。,絕對高度。,2
監控密度高度最主要的目的是下列何者?,避開雷雨區或沙塵暴。,正確計算飛機性能值。,提高濃霧時的能見度。,預估逆溫層的形成。,1
下列何者為以遙控無人機投擲物件之一例?,投放海釣拋餌。,噴灑農藥。,工程巡檢。,空拍回傳。,0
下列何者為以遙控無人機噴灑物件之一例?,工程巡檢。,空拍回傳。,投放海釣拋餌。,噴灑農藥。,3
下列何者為危險物品第一類爆炸物品之一例?,具劇烈爆炸危險性。,具火焰噴出危險性。,具顯著危險性。,以上皆是。,3
危險物品第二類氣體包括下列何者?,單原子氣體、單分子氣體、化合物分子氣體。,理想氣體、非完全氣體、凡得瓦爾氣體。,易燃氣體、非易燃無毒氣體、毒性氣體。,惰性氣體、溫室氣體、費米氣體。,2
「危險物品空運管理辦法」危險物品之分類基準，係依下列何者之「危險物品航空安全運送技術規範」之規定?,世界衛生組織。,國際民用航空組織。,世界旅遊組織。,聯合國工業發展組織。,1
日出及日落時間，依下列何者公布之時間為準?,民用航空局。,觀光局。,中央氣象局。,運輸研究所。,2
日出前/日落後，至太陽中心在地平線下6º之時段稱為下列何者?,民用曙光/民用暮光。,天文曙光/天文暮光。,航海曙光/航海暮光。,朝陽/夕陽。,0
日出前/日落後，至太陽中心在地平線下6º至12º之時段稱為下列何者?,朝陽/夕陽。,航海曙光/航海暮光。,民用曙光/民用暮光。,天文曙光/天文暮光。,1
日出前/日落後，至太陽中心在地平線下12º 至18º之時段稱為下列何者?,航海曙光/航海暮光。,朝陽/夕陽。,民用曙光/民用暮光。,天文曙光/天文暮光。,3
矯正鏡片一般適用於下列何者?,近視、遠視、老花、斜視、散光等。,遠距離觀察物體。,觀察微小的物體。,遮擋陽光、過濾紫外線。,0
矯正鏡片的佩戴方式一般有下列哪兩種?,單片眼鏡、雙片眼鏡兩種。,框架眼鏡、隱形眼鏡兩種。,輕型眼鏡、重型眼鏡兩種。,長效眼鏡、短效眼鏡兩種。,1
以目前遙控無人機操作負荷，其控制台及系統非經特殊設計尚無法同時控制幾架遙控無人機?,2架（含）以上。,3架（含）以上。,4架（含）以上。,5架（含）以上。,0
「民用航空器及公務航空器重大飛航事故調查作業處理規則」規定，應通報下列重大飛航事故之一，為航空器空中接近至下列哪個範圍，須採緊急避讓動作始能防止相撞或危險之情況者?,200呎以內。,400呎以內。,500呎以內。,900呎以內。,2
近年來多起客機疑與無人機的碰撞實例，大多發生於下列何種時機?,客機在機場停駐時。,客機在空中平飛過程中。,客機在機場爬升或下降過程中。,客機在空中轉彎過程中。,2
帶BEC（battery eliminator circuit，去電池電路）功能的電子調速器可對電源電壓進行降壓，並輸出5 V電壓以供電至下列何種機載設備?,飛控電腦。,遙控鏈路元件。,伺服舵機。,以上皆是。,3
帶BEC（battery eliminator circuit，去電池電路）功能的電子調速器可對電源電壓進行降壓，並輸出5 V電壓以供電至各種機載設備，何者除外?,動力馬達。,遙控鏈路元件。,伺服舵機。,飛控電腦。,0
經農政機關登記合格之法人且取得民航局能力審查核准之業者，其飛航活動許可時間以多久為限?,6個月。,3個月。,1年。,1個月。,0
經農政機關登記合格之法人且取得民航局能力審查核准之業者，其飛航活動許可以六個月為限，但其可申請操作限制排除項目不包含下列何者?,不得以遙控無人機投擲或噴灑任何物件。,不得裝載依第四十三條第三項公告之危險物品。,不得於日落後至日出前之時間飛航。,不得於人群聚集或室外集會遊行上空活動。,3
某遙控無人機操作人欲執行農藥噴灑作業，以下敘述何者正確？,執行業務之活動申請者須為經農政機關登記合格之法人。,其飛航活動許可時間以3個月為限。,應於活動日三十日前提出申請。,該操作人不須通過術科測驗。,0
某遙控無人機操作人欲執行農藥噴灑作業，以下敘述何者正確？,執行業務之活動申請者須為經農政機關登記合格之法人,其飛航活動許可時間以6個月為限,應於活動日十五日前提出申請。,以上皆是。,3
經農政機關登記合格之法人欲於禁、限航區及航空站或飛行場四周一定距離範圍內從事農藥噴灑作業，應於活動日前多久提出申請？,30日前。,15日前。,3日前。,5日前。,1
於直轄市、縣（市）政府公告之禁止、限制區域內從事遙控無人機農藥噴灑作業時，如有跨縣市飛航情形，應向哪個機關提出申請？,飛經之直轄市、縣（市）政府。,向起飛地點所在直轄市、縣（市）政府提出申請，經所在地及跨縣市政府同意。,降落地點所在直轄市、縣（市）政府。,降落地點所鄰近直轄市、縣（市）政府。,1
經農政機關登記合格之法人因執行農噴業務需於直轄市、縣（市）政府所公告之遙控無人機活動區域、時間及其他管理事項外從事飛航活動者，應申請何者會商相關中央主管機關同意後，始得為之？,直轄市、縣（市）政府。,衛福部。,農委會。,交通部。,0
經農政機關登記合格之法人因執行農噴業務需於禁、限航區及航空站或飛行場四周一定距離範圍內從事遙控無人機飛航活動者，應申請何者會商目的事業主管機關同意後，始得為之？,鄉鎮區公所。,農委會。,民航局,直轄市、縣（市）政府。,2
政府機關(構)、學校或法人於直轄市、縣（市）政府公告之禁止、限制區域內從事遙控無人機飛航活動，應取得相關中央主管機關同意，有關該程序下列敘述何者正確?,應報請直轄市、縣(市)政府會商相關中央主管機關同意。,相關中央主管機關得委託政府機關(構)或團體代為同意。,相關中央主管機關委託相關業務應將委託之對象、事項及法規依據公告之，並刊登於政府公報。,以上皆是。,3
遙控無人機製造者或進口者利用電子商務服務系統販售遙控無人機時，應將下列哪段文字標示於電子商務服務系統明顯處?,最大起飛重量二百五十公克以上遙控無人機應辦理註冊。,遙控無人機活動前應注意活動區域與遵守操作規定。,相關活動區域及操作規定資訊，請見民航局網站及遙控無人機圖資行動應用程式。,以上皆是。,3
利用電子商務服務系統販售遙控無人機時販售遙控無人機前，應由下列何者向民航局申請辦理產品資訊登錄?,代理商。,製造商。,進口者。,以上皆是。,3
遙控無人機於販售或進口前，應由下列何者於產品或包裝上標示最大起飛重量、註冊程序、型式檢驗標籤或認可標籤、實體檢驗說明、操作限制說明、管理及違規裁罰等資訊?,代理商。,製造商。,進口者。,以上皆是。,3
學習操作證持有人得於持有遙控無人機普通操作證或專業操作證之操作人在旁指導下，依其操作證所載之構造分類，學習操作最大起飛重量未達多少公斤之遙控無人機?,15公斤。,25公斤。,2公斤。,150公斤。,1
學習操作證持有人得於持有遙控無人機普通操作證之操作人在旁指導下，學習操作最大起飛重量未逾多少公斤之遙控無人機?,15公斤。,25公斤。,2公斤。,150公斤。,0
學習操作證持有人得於持有遙控無人機專業操作證之操作人在旁指導下，學習操作最大起飛重量未達多少公斤之同一構造遙控無人機?,2公斤。,15公斤。,150公斤。,依指導人持有之專業操作證可操作之重量級別而定，並以最大起飛重量未達25公斤為限。,3
領有最大起飛重量一百五十公斤以上之專業操作證者，對持有學習操作證者具備同一構造最大起飛重量多少公斤的遙控無人機教學資格?,未達2公斤且同一級別以下之遙控無人機資格。,未達15公斤且同一級別以下之遙控無人機資格。,未達25公斤且同一級別以下之遙控無人機資格。,未達150公斤且同一級別以下之遙控無人機資格。,2
操作最大起飛重量一百五十公斤以上之遙控無人機操作人應依下列哪種標準辦理體格檢查?,航空人員乙類體格檢查標準,普通小型車體檢認定標準,普通大貨車體檢認定標準,普通聯結車體檢認定標準,0
操作最大起飛重量一百五十公斤以下之遙控無人機操作人應依下列哪種標準辦理體格檢查?,航空人員乙類體格檢查標準,普通小型車體檢認定標準,普通大貨車體檢認定標準,無人駕駛航空器體檢認定標準,1
有關申請遙控無人機專業操作證者，下列何者有誤?,申請專業基本級II操作證者，應領有專業基本級I(無註記重量限制)操作證一個月以上之經歷。,申請專業高級Ib操作證者，應領有專業高級Ia(無註記重量限制)操作證一個月以上之經歷。,申請專業高級IIc操作證者，應領有專業基本級II操作證或專業高級Ib操作證均有三個月以上之經歷。,申請專業基本級 I 操作證者，應領有遙控無人機普通操作證一個月以上之經歷。,3
申請專業基本級II操作證者，應領有專業基本級I(無註記重量限制)操作證幾個月以上之經歷?,1個月。,2個月。,3個月。,6個月。,0
申請專業高級Ib操作證者，應領有專業高級Ia(無註記重量限制)操作證幾個月以上之經歷?,1個月。,2個月。,3個月。,6個月。,0
申請專業高級IIc操作證者，應領有專業基本級II操作證或專業高級Ib操作證幾個月以上之經歷?,1個月。,2個月。,3個月。,6個月。,2
申請專業高級IIId操作證者，應領有下列何種操作證一個月以上之經歷?,專業基本級III操作證,專業高級IIc操作證,專業基本級II操作證,專業高級Ib操作證均,0
申請專業高級IIId操作證者，應領有專業基本級III操作證幾個月以上之經歷?,1個月。,2個月。,3個月。,6個月。,0
有關申請遙控無人機專業操作證者之體格檢查規定，下列敘述何者有誤?,操作最大起飛重量一百五十公斤以下之遙控無人機操作人應依據普通小型車體檢認定標準辦理體格檢查,應向公路監理機關指定之醫療院所或教學醫院辦理體格檢查,操作最大起飛重量一百五十公斤以上之遙控無人機操作人應依航空人員乙類體格檢查標準辦理體格檢查,操作最大起飛重量二十五公斤以上之遙控無人機操作人應依航空人員乙類體格檢查標準辦理體格檢查,3
針對學習操作證之敘述，下列敘述何者為非？,申請者應年滿14歲。,持有者須於具備普通或專業操作證之操作人在旁指導監護下，使得操作。,持有者所操作學習遙控無人機最大起飛重量不得逾15公斤。,持有者所操作學習遙控無人機最大起飛重量不得逾25公斤。,2
經農政機關登記合格之法人且取得民航局能力審查核准之業者，從事下列哪種飛航活動其同意文件以六個月為限?,以遙控無人機投擲或噴灑任何物件。,裝載依第四十三條第三項公告之危險物品。,於日落後至日出前之時間飛航。,以上皆是。,3
有關申請遙控無人飛機專業基本級I操作證者，下列敘述何者為正確？,遙控無人飛機之矩形機翼、翼展僅限介於一百八十公分至二百公分者。,遙控無人飛機之翼弦長僅限介於二十八公分至三十三公分者。,遙控無人飛機之起飛重量僅限大於6.5公斤以上者。,可使用符合Ib 規格之工作機 任務機。,3
有關申請遙控無人直昇機專業基本級I操作證者，下列敘述何者為正確？,遙控無人直昇機之旋翼半徑僅限介於七十公分至九十公分者。,遙控無人直昇機之起飛重量僅限大於4.5公斤以上者。,遙控無人直昇機之起飛重量僅限大於6.5公斤以上者。,可使用符合Ib 規格之工作機 (任務機)。,3
有關申請遙控無人多旋翼機專業基本級I操作證者，下列敘述何者為正確？,遙控無人多旋翼機之對角馬達之軸心距離僅限介於九十公分至一百一十公分者。,遙控無人多旋翼機之起飛重量僅限大於4公斤以上者。,遙控無人多旋翼機之起飛重量僅限大於6.5公斤以上者。,可使用符合Ib 規格之工作機 (任務機)。,3
有關申請遙控無人多旋翼機專業基本級I操作證者，下列敘述何者為非？,可使用遙控無人多旋翼機之對角馬達之軸心距離介於九十公分至一百一十公分者。,可使用遙控無人多旋翼機之起飛重量大於或等於4公斤以上者。,可使用遙控無人多旋翼機之起飛重量大於6.5公斤以上者。,可使用符合Ib 規格之工作機 (任務機)。,2
持有普通操作證者在旁指導持有學習操作證者學習操作遙控無人機，下列敘述何者正確?,可學習操作最大起飛重量未達15公斤之遙控無人機。,可學習操作最大起飛重量未達25公斤之遙控無人機。,可學習操作最大起飛重量未達150公斤之遙控無人機。,可學習操作最大起飛重量150公斤以上之遙控無人機。,0
依遙控無人機管理規則規定，遙控無人機製造者或進口者於販售前，應於何處標示最大起飛重量、註冊程序、型式檢驗標籤或認可標籤、實體檢驗說明、操作限制說明、管理及違規裁罰等資訊?,廣告內容。,電子商務服務系統。,產品或包裝上。,以上皆是。,2
自行製造、使用之遙控無人機，應由下列何者向民航局申請辦理產品資訊登錄?,所有人。,零件製造商。,零件供應商。,以上皆是。,0
政府機關為執行業務者，其活動申請同意期限為多久?,3個月。,6個月。,1個月。,1年。,3
小陳是一位持有專業操作證(G2)的自然人，請問下列敘述何者為有誤?,其操作證得以申請執行遙控無人機投擲或噴灑任何物件。,小陳如欲執行夜間噴灑作業，須再參加第1組（G1）高級術科測驗並取得專業操作證。,小陳如欲執行業務之活動申請，則須透過經農政機關登記合格之法人。,小陳已經擁有專業操作證(G2)，即可在屬於綠區的自家農地執行遙控無人機噴灑作業。,3
小陳是一間農噴無人機公司的操作人，該公司並已向民航局完成活動申請得以執行農藥噴灑作業，請問下列敘述何者為有誤?,其活動申請同意文件最長得以6個月為限。,該公司是農政機關登記合格之法人。,該公司之能力審查申請，核准效期為1年。,小陳應於每次活動前、後於指定時間內至民航局指定資訊系統登錄飛航資訊。,2
小華想要進口一些遙控無人機到網路上販售，請問下列敘述何者為有誤?,小華應主動向民航局申請辦理產品資訊登錄。,小華是進口者。,小華不得擅自進口製造商未向民航局完成登錄之遙控無人機。,小華應於販售頁面明顯處標示遙控無人機註冊、操作注意事項及活動空域圖資等資訊。,2
小華欲報考專業高級Ib操作證術科考試，請問下列敘述何者為正確?,小華應領有遙控無人機普通操作證1個月以上之經歷。,小華應領有專業高級Ia(無註記重量限制)操作證1個月以上之經歷。,小華不須通過專業操作證學科測驗。,小華應領有專業高級Ia(無註記重量限制)操作證3個月以上之經歷。,1
小華持有學習操作證，並向持有普通操作證的小黃學習，請問下列敘述何者為錯誤?,小華應已年滿14歲。,小黃具有對小華進行最大起飛重量未達十五公斤之遙控無人機教學資格。,小黃未通過專業操作證術科測驗，不具任何教學資格。,教學過程須遵守操作限制規定。,2
小華是一名持有專業操作證(G3)的警員，因為公務需要，長官請他使用遙控無人機值勤，請問下列敘述何者錯誤?,小華值勤的機關須通過民航局能力審查後始得從事遙控無人機活動。,小華執勤的機關，其活動申請同意文件以半年為限。,經民航局活動申請許可，小華得以於集會遊行上空進行拍攝偵查。,小華未持有專業操作證(G1)證照，日落後即不得操作遙控無人機。,1
小黃已申請並經許可於桃園機場禁止無人機活動範圍內從事飛航活動，該申請人於執行飛航作業時之應注意事項，請問下列敘述何者正確?,小黃僅須通過民航局能力審查後即可從事遙控無人機活動。,小黃若未取得飛航公告(NOTAM)或未與桃園機場航務組進行協調聯繫，仍視同程序已完備，可依活動許可時間及範圍直接升空作業。,經民航局活動申請許可，小黃即可於桃園機場附近進行空拍作業。,小黃應依「活動同意文件」規定辦理空域協調事宜，作業前後若未與桃園機場航務組進行空域協調聯繫者，視同程序未完成，將依遙控無人機管理規則查處。,3